place_id,nome,endereco,latitude,longitude,telefone,horario,website,avaliacao,total_reviews,categoria,status_negocio,google_maps_url,fonte
23942fc52b714def,Academia Aquavida,,-23.0366573,-45.5771844,,,,"4,8",304,Academia,,https://www.google.com/maps/place/Academia+Aquavida/data=!4m7!3m6!1s0x94ccf8f1ff534059:0xeb11ae8dca7b0769!8m2!3d-23.0366573!4d-45.5771844!16s%2Fg%2F1ptyvzs37!19sChIJWUBT__H4zJQRaQd7yo2uEes?authuser=0&hl=pt-BR&rclk=1,scraper_gmaps|escolinhas de natação Taubaté - SP
6c5afd5564462431,Academia Atlanta,"· Av. Dom Duarte Leopoldo e Silva, 380",-23.0107271,-45.5385197,,,,"4,5",128,Academia,,https://www.google.com/maps/place/Academia+Atlanta/data=!4m7!3m6!1s0x94ccf99c3082e12f:0xac661708571d35c9!8m2!3d-23.0107271!4d-45.5385197!16s%2Fg%2F11c56c7qkr!19sChIJL-GCMJz5zJQRyTUdVwgXZqw?authuser=0&hl=pt-BR&rclk=1,scraper_gmaps|escolinhas de natação Taubaté - SP
045cb832779bd13b,Academia Eunes,"· Av. Dr. Lycurgo Barbosa Querido, 93",-22.9975479,-45.5531508,,,,"4,8",40,Escola de natação,,https://www.google.com/maps/place/Academia+Eunes/data=!4m7!3m6!1s0x94ccf9c7d8e7c331:0xb1b2528b81abae6b!8m2!3d-22.9975479!4d-45.5531508!16s%2Fg%2F11c453ldlq!19sChIJMcPn2Mf5zJQRa66rgYtSsrE?authuser=0&hl=pt-BR&rclk=1,scraper_gmaps|escolinhas de natação Taubaté - SP
6fb797fc19d7e4d2,Academia Forma Ideal,"· Av. Luíz Gonzaga das Neves, 3783",-22.990483,-45.549794,,,,"4,3",26,Sala de fitness,,https://www.google.com/maps/place/Academia+Forma+Ideal/data=!4m7!3m6!1s0x94ccf9dbddac917d:0x7e431690a6f1dd58!8m2!3d-22.990483!4d-45.549794!16s%2Fg%2F11dxr0ct42!19sChIJfZGs3dv5zJQRWN3xppAWQ34?authuser=0&hl=pt-BR&rclk=1,scraper_gmaps|escolinhas de natação Taubaté - SP
c4263141258493da,Academia Forma Ideial - UNO,"· Av. Oswaldo Barbosa Guisard, 1905",-23.0084427,-45.5280743,,,,"4,4",28,Academia,,https://www.google.com/maps/place/Academia+Forma+Ideial+-+UNO/data=!4m7!3m6!1s0x94ccf985e3cb9de9:0xa90325795d1d2293!8m2!3d-23.0084427!4d-45.5280743!16s%2Fg%2F1ptyn1j00!19sChIJ6Z3L44X5zJQRkyIdXXklA6k?authuser=0&hl=pt-BR&rclk=1,scraper_gmaps|escolinhas de natação Taubaté - SP
7c8d1899abb229a5,Academia Taiyô | Unidade Centro,,-23.0252364,-45.5660759,,,,"4,5",238,Academia,,https://www.google.com/maps/place/Academia+Taiy%C3%B4+%7C+Unidade+Centro/data=!4m7!3m6!1s0x94ccf8ff1bb032ab:0xbcb4233b4b1148a1!8m2!3d-23.0252364!4d-45.5660759!16s%2Fg%2F11c42vb727!19sChIJqzKwG__4zJQRoUgRSzsjtLw?authuser=0&hl=pt-BR&rclk=1,scraper_gmaps|escolinhas de natação Taubaté - SP
2bdb0b41f1eec13e,Academia Taiyô | Unidade Vila,"· Av. Mons. Antônio do Nasc. c Castro, 973",-23.0160908,-45.5411963,,,,"4,6",156,Sala de fitness,,https://www.google.com/maps/place/Academia+Taiy%C3%B4+%7C+Unidade+Vila/data=!4m7!3m6!1s0x94ccf975318816ef:0xd3b809dfcd1a5575!8m2!3d-23.0160908!4d-45.5411963!16s%2Fg%2F11h1my8_x!19sChIJ7xaIMXX5zJQRdVUazd8JuNM?authuser=0&hl=pt-BR&rclk=1,scraper_gmaps|escolinhas de natação Taubaté - SP
dfb7be71db81cf9d,Acqua Nova Fitness,,-23.0300244,-45.5402746,,,,"4,7",14,Escola de natação,,https://www.google.com/maps/place/Acqua+Nova+Fitness/data=!4m7!3m6!1s0x94ccf96bcf46ffff:0x9c7717729b9e29c!8m2!3d-23.0300244!4d-45.5402746!16s%2Fg%2F11h42q5yrp!19sChIJ__9Gz2v5zJQRnOK5KXdxxwk?authuser=0&hl=pt-BR&rclk=1,scraper_gmaps|escolinhas de natação Taubaté - SP
be1aa7705d3810ad,Acquasoldi Aquática especializada,,-23.0102383,-45.5509711,,,,"4,5",22,Academia,,https://www.google.com/maps/place/Acquasoldi+Aqu%C3%A1tica+especializada/data=!4m7!3m6!1s0x94ccf967a0d282bf:0x9c8459e745e92570!8m2!3d-23.0102383!4d-45.5509711!16s%2Fg%2F11v9lnw2qp!19sChIJv4LSoGf5zJQRcCXpRedZhJw?authuser=0&hl=pt-BR&rclk=1,scraper_gmaps|escolinhas de natação Taubaté - SP
9c9a398305399248,Animus,,-23.03519,-45.5657049,,,,"4,7",19,Academia,,https://www.google.com/maps/place/Animus/data=!4m7!3m6!1s0x94ccf9e812338b9d:0xf2e54d23f75c4ac!8m2!3d-23.03519!4d-45.5657049!16s%2Fg%2F11xvq012rw!19sChIJnYszEuj5zJQRrMR1P9JULg8?authuser=0&hl=pt-BR&rclk=1,scraper_gmaps|escolinhas de natação Taubaté - SP
4f040d3d80ed5371,ATOM Inteligência Imobiliária Ltda.,· 603 Avenida Independência,-23.037425,-45.577192,,,,"4,9",125,Imobiliária,,https://www.google.com/maps/place/ATOM+Intelig%C3%AAncia+Imobili%C3%A1ria+Ltda./data=!4m7!3m6!1s0x94ccf99110692c9d:0xc003bd28b865d8e3!8m2!3d-23.037425!4d-45.577192!16s%2Fg%2F11t_zwy_77!19sChIJnSxpEJH5zJQR49hluCi9A8A?authuser=0&hl=pt-BR&rclk=1,scraper_gmaps|condomínios residenciais Taubaté - SP
33259cd4605424b8,Condominio Residencial Veredas,,-22.9950839,-45.5526258,,,,"4,6",199,Complexo de condomínio,,https://www.google.com/maps/place/Condominio+Residencial+Veredas/data=!4m7!3m6!1s0x94ccf9c61370b445:0x125fe325ed6ec386!8m2!3d-22.9950839!4d-45.5526258!16s%2Fg%2F11ckqry3nb!19sChIJRbRwE8b5zJQRhsNu7SXjXxI?authuser=0&hl=pt-BR&rclk=1,scraper_gmaps|condomínios residenciais Taubaté - SP
513064e4e87f53ce,Condomínio Residencial Fortaleza,"· Av. Prof. Ernesto de Oliveira Filho, 741",-23.0334935,-45.5857451,,,,"4,7",35,Complexo de condomínio,,https://www.google.com/maps/place/Condom%C3%ADnio+Residencial+Fortaleza/data=!4m7!3m6!1s0x94ccf9acfbf6f18f:0x3c4647d1538c92b!8m2!3d-23.0334935!4d-45.5857451!16s%2Fg%2F11fm5mj8dj!19sChIJj_H2-6z5zJQRK8k4FX1kxAM?authuser=0&hl=pt-BR&rclk=1,scraper_gmaps|condomínios residenciais Taubaté - SP
52ca135e2a88a81f,Condomínio Residencial Jardins,"· Av. Arnaldo Felipe Sbruzzi, 77",-23.0366333,-45.6059323,,,,"4,4",72,Complexo de condomínio,,https://www.google.com/maps/place/Condom%C3%ADnio+Residencial+Jardins/data=!4m7!3m6!1s0x94cc57d344c6a3c1:0xf47aa8ebb9faae55!8m2!3d-23.0366333!4d-45.6059323!16s%2Fg%2F11c0vkb6wv!19sChIJwaPGRNNXzJQRVa76ueuoevQ?authuser=0&hl=pt-BR&rclk=1,scraper_gmaps|condomínios residenciais Taubaté - SP
a6bebdf73f3e3bc0,Condomínio Residencial Rivera,,-23.0070713,-45.525014,,,,"4,6",77,Complexo residencial,,https://www.google.com/maps/place/Condom%C3%ADnio+Residencial+Rivera/data=!4m7!3m6!1s0x94ccfa2a9cf3a82b:0xaaf047113324b2c7!8m2!3d-23.0070713!4d-45.525014!16s%2Fg%2F11fzb1l2vk!19sChIJK6jznCr6zJQRx7IkMxFH8Ko?authuser=0&hl=pt-BR&rclk=1,scraper_gmaps|condomínios residenciais Taubaté - SP
fef5a0531322e797,Condomínio Residencial Taubaté Privilege - Tremembé,,-22.9983328,-45.541941,,,,"4,5",158,Complexo de condomínio,,https://www.google.com/maps/place/Condom%C3%ADnio+Residencial+Taubat%C3%A9+Privilege+-+Trememb%C3%A9/data=!4m7!3m6!1s0x94ccf994fd363c35:0xa02554fe8ba406b1!8m2!3d-22.9983328!4d-45.541941!16s%2Fg%2F11b7q9fc24!19sChIJNTw2_ZT5zJQRsQaki_5UJaA?authuser=0&hl=pt-BR&rclk=1,scraper_gmaps|condomínios residenciais Taubaté - SP
ecedeea77d4a6d03,Condomínio Residencial Via Schneider,,-23.0243937,-45.5763187,,,,"4,7",32,,,https://www.google.com/maps/place/Condom%C3%ADnio+Residencial+Via+Schneider/data=!4m7!3m6!1s0x94ccf9e93a9c117b:0x17d50c2aa430d2f3!8m2!3d-23.0243937!4d-45.5763187!16s%2Fg%2F11rs2jmnrh!19sChIJexGcOun5zJQR89IwpCoM1Rc?authuser=0&hl=pt-BR&rclk=1,scraper_gmaps|condomínios residenciais Taubaté - SP
7070cf1f00018080,Cunzolo Acqua Fitness,"· Av. Independência, 2491",-23.0445894,-45.593781,,,,"4,6",261,Academia,,https://www.google.com/maps/place/Cunzolo+Acqua+Fitness/data=!4m7!3m6!1s0x94ccf89ae72f3da3:0xd3640b9c2eb619a!8m2!3d-23.0445894!4d-45.593781!16s%2Fg%2F1tjv4mqq!19sChIJoz0v55r4zJQRmmHrwrlANg0?authuser=0&hl=pt-BR&rclk=1,scraper_gmaps|escolinhas de natação Taubaté - SP
6459de26114023d7,E.M.E.F - Escola Municipal Frei Arthur Salvatti,"· Av. Dr. José Ortiz Pato, 2700",-23.0060046,-45.5192423,,,,,,Escola de ensino fundamental,,https://www.google.com/maps/place/E.M.E.F+-+Escola+Municipal+Frei+Arthur+Salvatti/data=!4m7!3m6!1s0x94ccfa2cc796296f:0xacb0dce1fd79b60b!8m2!3d-23.0060046!4d-45.5192423!16s%2Fg%2F11btrrg8_y!19sChIJbymWxyz6zJQRC7Z5_eHcsKw?authuser=0&hl=pt-BR&rclk=1,scraper_gmaps|escolas municipais Taubaté - SP
6776bb198f6cf36e,EE Prof. Judith Campista Cesar,,-23.0069522,-45.5535545,,,,,,Escola de ensino fundamental,,https://www.google.com/maps/place/EE+Prof.+Judith+Campista+Cesar/data=!4m7!3m6!1s0x94ccf9b0808562b9:0x9454a9e1a363077b!8m2!3d-23.0069522!4d-45.5535545!16s%2Fg%2F1tkmnn_b!19sChIJuWKFgLD5zJQRewdjo-GpVJQ?authuser=0&hl=pt-BR&rclk=1,scraper_gmaps|escolas municipais Taubaté - SP
fc427e17efed3593,EMEF ERNANI BARROS MORGADO,"· Rua Projetada, 269 Loteamento Vila São José (continuação da, R. Geraldo de Bona",-23.008527,-45.5373041,,,,,,Escola de ensino fundamental,,https://www.google.com/maps/place/EMEF+ERNANI+BARROS+MORGADO/data=!4m7!3m6!1s0x94ccf9f690ee46d1:0x268496ad05a8ae46!8m2!3d-23.008527!4d-45.5373041!16s%2Fg%2F11gs4xzs6g!19sChIJ0UbukPb5zJQRRq6oBa2WhCY?authuser=0&hl=pt-BR&rclk=1,scraper_gmaps|escolas municipais Taubaté - SP
36a233729a73f147,EMEF Monsenhor Evaristo Campista César Enzo Giavina,,-23.0158578,-45.5769762,,,,,,Escola de ensino médio,,https://www.google.com/maps/place/EMEF+Monsenhor+Evaristo+Campista+C%C3%A9sar+Enzo+Giavina/data=!4m7!3m6!1s0x94ccf84487b840ed:0x3d3ab955423dab5!8m2!3d-23.0158578!4d-45.5769762!16s%2Fg%2F11c3k2ycln!19sChIJ7UC4h0T4zJQRtdojVJWr0wM?authuser=0&hl=pt-BR&rclk=1,scraper_gmaps|escolas municipais Taubaté - SP
708270d8be6e7a45,EMEF Prefeito Guido José Gomes Miné só tem tarado,,-23.0335063,-45.6184417,,,,,,Escola de ensino fundamental,,https://www.google.com/maps/place/EMEF+Prefeito+Guido+Jos%C3%A9+Gomes+Min%C3%A9+s%C3%B3+tem+tarado/data=!4m7!3m6!1s0x94cc57c840fad467:0xe8f47e49cfa586d0!8m2!3d-23.0335063!4d-45.6184417!16s%2Fg%2F1tfr1j_c!19sChIJZ9T6QMhXzJQR0Ialz0l-9Og?authuser=0&hl=pt-BR&rclk=1,scraper_gmaps|escolas municipais Taubaté - SP
f19f58c2c1ee52e0,EMEF Prefeito Álvaro Marcondes de Mattos,,-23.0113885,-45.5826287,,,,,,Escola de ensino fundamental,,https://www.google.com/maps/place/EMEF+Prefeito+%C3%81lvaro+Marcondes+de+Mattos/data=!4m7!3m6!1s0x94ccf86acdacfb85:0xb8f155aa5722fecb!8m2!3d-23.0113885!4d-45.5826287!16s%2Fg%2F11cnrgh4rv!19sChIJhfuszWr4zJQRy_4iV6pV8bg?authuser=0&hl=pt-BR&rclk=1,scraper_gmaps|escolas municipais Taubaté - SP
f62910bc1fa2b9c9,EMEF Prof Luiz Augusto da Silva,· Av. Santa Luiza de Marillac,-23.0176375,-45.5382789,,,,,,Escola de ensino fundamental,,https://www.google.com/maps/place/EMEF+Prof+Luiz+Augusto+da+Silva/data=!4m7!3m6!1s0x94ccf97424ec6dc3:0xfe230182fba6b4fa!8m2!3d-23.0176375!4d-45.5382789!16s%2Fg%2F1th88754!19sChIJw23sJHT5zJQR-rSm-4IBI_4?authuser=0&hl=pt-BR&rclk=1,scraper_gmaps|escolas municipais Taubaté - SP
5dd78b56d2dac0d4,EMEF Prof. Claudio Cesar Guilherme de Toledo,"· Av. dos Bombeiros, 561",-23.0032361,-45.5660157,,,,,,Escola de ensino fundamental,,https://www.google.com/maps/place/EMEF+Prof.+Claudio+Cesar+Guilherme+de+Toledo/data=!4m7!3m6!1s0x94ccf835c1c9976b:0x9b1448614fc3d58a!8m2!3d-23.0032361!4d-45.5660157!16s%2Fg%2F1tdz5yhh!19sChIJa5fJwTX4zJQRitXDT2FIFJs?authuser=0&hl=pt-BR&rclk=1,scraper_gmaps|escolas municipais Taubaté - SP
a781b66310b4d9b7,EMEF Prof. José Sant’Anna de Souza,"· Rua, Av. Arnaldo Felipe Sbruzzi, 107",-23.0368903,-45.6061402,,,,,,Escola de ensino fundamental,,https://www.google.com/maps/place/EMEF+Prof.+Jos%C3%A9+Sant%E2%80%99Anna+de+Souza/data=!4m7!3m6!1s0x94cc57bce703a661:0x581363a3cf8fb05!8m2!3d-23.0368903!4d-45.6061402!16s%2Fg%2F11gjmrb71j!19sChIJYaYD57xXzJQRBfv4PDo2gQU?authuser=0&hl=pt-BR&rclk=1,scraper_gmaps|escolas municipais Taubaté - SP
1c189c1881cccd4c,EMEF Prof. Juvenal da Costa e Silva,,-23.0401516,-45.5859732,,,,,,Escola de ensino fundamental,,https://www.google.com/maps/place/EMEF+Prof.+Juvenal+da+Costa+e+Silva/data=!4m7!3m6!1s0x94ccf892022bfc17:0x7479c16c71215d9e!8m2!3d-23.0401516!4d-45.5859732!16s%2Fg%2F1tt0s79k!19sChIJF_wrApL4zJQRnl0hcWzBeXQ?authuser=0&hl=pt-BR&rclk=1,scraper_gmaps|escolas municipais Taubaté - SP
64760cfe8ea03739,EMEF Professor Walter Thaumaturgo,,-23.0002944,-45.5586485,,,,,,Escola de ensino fundamental,,https://www.google.com/maps/place/EMEF+Professor+Walter+Thaumaturgo/data=!4m7!3m6!1s0x94ccf9b128838079:0x27f4b6b8ae645ad!8m2!3d-23.0002944!4d-45.5586485!16s%2Fg%2F1vrqbrnb!19sChIJeYCDKLH5zJQRrUXmimtLfwI?authuser=0&hl=pt-BR&rclk=1,scraper_gmaps|escolas municipais Taubaté - SP
4e1163a5719f7c63,EMEFM Professor José Ezequiel de Souza,,-23.0358953,-45.5618875,,,,,,Escola pública,,https://www.google.com/maps/place/EMEFM+Professor+Jos%C3%A9+Ezequiel+de+Souza/data=!4m7!3m6!1s0x94ccf91e72a8ab81:0xabf88485eb96240a!8m2!3d-23.0358953!4d-45.5618875!16s%2Fg%2F1tf29t5p!19sChIJgauoch75zJQRCiSW64WE-Ks?authuser=0&hl=pt-BR&rclk=1,scraper_gmaps|escolas municipais Taubaté - SP
6596927479d83c70,EMIEF Anna dos Reis Signorini – SEDES,,-23.0093358,-45.5485055,,,,,,Escola de ensino fundamental,,https://www.google.com/maps/place/EMIEF+Anna+dos+Reis+Signorini+%E2%80%93+SEDES/data=!4m7!3m6!1s0x94ccf9a363816d8d:0xc2cea1ccc047bd10!8m2!3d-23.0093358!4d-45.5485055!16s%2Fg%2F11ckkyq4nc!19sChIJjW2BY6P5zJQREL1HwMyhzsI?authuser=0&hl=pt-BR&rclk=1,scraper_gmaps|escolas municipais Taubaté - SP
e4666f7a66f3c9d5,EMIEF Profa. Anita Ribas de Andrade,,-23.0281235,-45.5300665,,,,"3,3",35,Instituição educacional,,https://www.google.com/maps/place/EMIEF+Profa.+Anita+Ribas+de+Andrade/data=!4m7!3m6!1s0x94ccf9ae9c9261e7:0x55f8b29a0e091fa1!8m2!3d-23.0281235!4d-45.5300665!16s%2Fg%2F11f71ldfpx!19sChIJ52GSnK75zJQRoR8JDpqy-FU?authuser=0&hl=pt-BR&rclk=1,scraper_gmaps|escolas municipais Taubaté - SP
6c85c2102e7e092f,Escola Cívico-Militar EMEF Profº Lafayette Rodrigues Pereira,"· Av. André Cursino dos Santos, 651",-23.0518215,-45.5875022,,,,"4,6",25,Instituição educacional,,https://www.google.com/maps/place/Escola+C%C3%ADvico-Militar+EMEF+Prof%C2%BA+Lafayette+Rodrigues+Pereira/data=!4m7!3m6!1s0x94ccf8bdcf5c3ef5:0x77b01bc93892796!8m2!3d-23.0518215!4d-45.5875022!16s%2Fg%2F1td9x7f2!19sChIJ9T5cz734zJQRlieJk7wBewc?authuser=0&hl=pt-BR&rclk=1,scraper_gmaps|escolas municipais Taubaté - SP
806508f731cd41e1,Escola Municipal Amedeo Piccini,"· Rua Coronel José Benedito Marcondes de Mattos, 443",-23.0264461,-45.6291604,,,,,,Escola de educação geral,,https://www.google.com/maps/place/Escola+Municipal+Amedeo+Piccini/data=!4m7!3m6!1s0x94cc5798007a67d9:0x9892cb2728b52484!8m2!3d-23.0264461!4d-45.6291604!16s%2Fg%2F1tdb9yzz!19sChIJ2Wd6AJhXzJQRhCS1KCfLkpg?authuser=0&hl=pt-BR&rclk=1,scraper_gmaps|escolas municipais Taubaté - SP
a83e21d0defeb8d9,Escola Municipal Antônio de Freitas Malaman Creche Municipal,"· Rua Geraldo Martins de Andrade, 133",-23.0021784,-45.5777038,,,,"5,0",3,Jardim de infância,,https://www.google.com/maps/place/Escola+Municipal+Ant%C3%B4nio+de+Freitas+Malaman+Creche+Municipal/data=!4m7!3m6!1s0x94ccf83c5fcf9d97:0x6941fc7fa8d0f9e9!8m2!3d-23.0021784!4d-45.5777038!16s%2Fg%2F1tdh0dqx!19sChIJl53PXzz4zJQR6fnQqH_8QWk?authuser=0&hl=pt-BR&rclk=1,scraper_gmaps|escolas municipais Taubaté - SP
7d5870c40010e40b,Escola Municipal de Ensino Fundamental Diacono José Ângelo Victal,,-23.0378355,-45.5658462,,,,,,Escola de ensino fundamental,,https://www.google.com/maps/place/Escola+Municipal+de+Ensino+Fundamental+Diacono+Jos%C3%A9+%C3%82ngelo+Victal/data=!4m7!3m6!1s0x94ccf8e17cf9e285:0x285d15075f98974f!8m2!3d-23.0378355!4d-45.5658462!16s%2Fg%2F1ydnttvws!19sChIJheL5fOH4zJQRT5eYXwcVXSg?authuser=0&hl=pt-BR&rclk=1,scraper_gmaps|escolas municipais Taubaté - SP
27ba584a71f0e4e3,Escola Municipal de Ensino Fundamental José Ortiz Monteiro Patto Dr,,-23.0044578,-45.5524427,,,,,,Escola pública,,https://www.google.com/maps/place/Escola+Municipal+de+Ensino+Fundamental+Jos%C3%A9+Ortiz+Monteiro+Patto+Dr/data=!4m7!3m6!1s0x94ccf9b9c09e6173:0x3019c401b083ebc9!8m2!3d-23.0044578!4d-45.5524427!16s%2Fg%2F1v3dt7bx!19sChIJc2GewLn5zJQRyeuDsAHEGTA?authuser=0&hl=pt-BR&rclk=1,scraper_gmaps|escolas municipais Taubaté - SP
290062f910cc06e5,Escola Municipal de Ensino Fundamental Luiz Ribeiro Muniz Prof,,-23.0444704,-45.5522961,,,,,,Escola de ensino fundamental,,https://www.google.com/maps/place/Escola+Municipal+de+Ensino+Fundamental+Luiz+Ribeiro+Muniz+Prof/data=!4m7!3m6!1s0x94ccf9256d24ba6f:0x72785c11772bf75c!8m2!3d-23.0444704!4d-45.5522961!16s%2Fg%2F1tdb9y_w!19sChIJb7okbSX5zJQRXPcrdxFceHI?authuser=0&hl=pt-BR&rclk=1,scraper_gmaps|escolas municipais Taubaté - SP
c61f632e6f68331c,Escola Municipal de Ensino Fundamental Prof Walther de Oliveira,,-23.03499,-45.5348519,,,,,,Escola de ensino fundamental,,https://www.google.com/maps/place/Escola+Municipal+de+Ensino+Fundamental+Prof+Walther+de+Oliveira/data=!4m7!3m6!1s0x94ccf969d8132bf5:0x7a21ee8d94fddbef!8m2!3d-23.03499!4d-45.5348519!16s%2Fg%2F1tm13qkq!19sChIJ9SsT2Gn5zJQR79v9lI3uIXo?authuser=0&hl=pt-BR&rclk=1,scraper_gmaps|escolas municipais Taubaté - SP
e68f87c2f72384e6,Escola Municipal do Trabalho Alto do Cristo - Comendador Professor Theodoro Corrêa Cintra,,-23.0361487,-45.5460304,,,,"4,5",51,Instituição educacional,,https://www.google.com/maps/place/Escola+Municipal+do+Trabalho+Alto+do+Cristo+-+Comendador+Professor+Theodoro+Corr%C3%AAa+Cintra/data=!4m7!3m6!1s0x94ccf93fcdd352f1:0x9fee080ff1fe56b2!8m2!3d-23.0361487!4d-45.5460304!16s%2Fg%2F1pty2dm_3!19sChIJ8VLTzT_5zJQRslb-8Q8I7p8?authuser=0&hl=pt-BR&rclk=1,scraper_gmaps|escolas municipais Taubaté - SP
96c1d5b778eb1c3d,Escola Municipal do Trabalho Areão,"· Av. Santa Cruz do Areão, 1735",-22.9967829,-45.5655469,,,,"4,5",11,Instituição educacional,,https://www.google.com/maps/place/Escola+Municipal+do+Trabalho+Are%C3%A3o/data=!4m7!3m6!1s0x94ccf83209b348d1:0xf0348611f83e469b!8m2!3d-22.9967829!4d-45.5655469!16s%2Fg%2F1trc6208!19sChIJ0UizCTL4zJQRm0Y--BGGNPA?authuser=0&hl=pt-BR&rclk=1,scraper_gmaps|escolas municipais Taubaté - SP
b6e0b3fd6c6309d7,Escola Municipal do Trabalho Centro,,-23.0275651,-45.5650029,,,,"4,9",9,Instituição educacional,,https://www.google.com/maps/place/Escola+Municipal+do+Trabalho+Centro/data=!4m7!3m6!1s0x94ccf8fe78b81a7b:0x7b72c245d9cd9147!8m2!3d-23.0275651!4d-45.5650029!16s%2Fg%2F1ptx6283z!19sChIJexq4eP74zJQRR5HN2UXCcns?authuser=0&hl=pt-BR&rclk=1,scraper_gmaps|escolas municipais Taubaté - SP
4895fee8e0156a3f,Escola Municipal do Trabalho Jabuticabeiras,,-23.0384946,-45.5689865,,,,"4,7",53,Instituição educacional,,https://www.google.com/maps/place/Escola+Municipal+do+Trabalho+Jabuticabeiras/data=!4m7!3m6!1s0x94ccf8e69fc0a92d:0x315641b70d32f1fc!8m2!3d-23.0384946!4d-45.5689865!16s%2Fg%2F11c3k56mbr!19sChIJLanAn-b4zJQR_PEyDbdBVjE?authuser=0&hl=pt-BR&rclk=1,scraper_gmaps|escolas municipais Taubaté - SP
90cff293ee0be9ee,Escola Municipal Dolores Barreto Coelho,"· Av. César Costa, 800",-23.0100392,-45.5629496,,,,,,Escola de educação geral,,https://www.google.com/maps/place/Escola+Municipal+Dolores+Barreto+Coelho/data=!4m7!3m6!1s0x94ccf84d2da1cd09:0x14cfc21d01a89066!8m2!3d-23.0100392!4d-45.5629496!16s%2Fg%2F1yfjsv_tj!19sChIJCc2hLU34zJQRZpCoAR3CzxQ?authuser=0&hl=pt-BR&rclk=1,scraper_gmaps|escolas municipais Taubaté - SP
8ebdeca3742a4b0f,Escola Municipal Ernani Barros Morgado,· Av. Tomé Portes Del Rei,-23.0108269,-45.5357658,,,,,,Escola de educação geral,,https://www.google.com/maps/place/Escola+Municipal+Ernani+Barros+Morgado/data=!4m7!3m6!1s0x94ccf99db43bb563:0x7611ffa288c4c244!8m2!3d-23.0108269!4d-45.5357658!16s%2Fg%2F1v5k4445!19sChIJY7U7tJ35zJQRRMLEiKL_EXY?authuser=0&hl=pt-BR&rclk=1,scraper_gmaps|escolas municipais Taubaté - SP
27a07aa3441f756f,Escola Municipal Joaquim Franca,,-23.0007576,-45.5709234,,,,,,Escola de educação geral,,https://www.google.com/maps/place/Escola+Municipal+Joaquim+Franca/data=!4m7!3m6!1s0x94ccf830c676a2fd:0xb0ae942cb215eb0f!8m2!3d-23.0007576!4d-45.5709234!16s%2Fg%2F1ydnqgzfz!19sChIJ_aJ2xjD4zJQRD-sVsiyUrrA?authuser=0&hl=pt-BR&rclk=1,scraper_gmaps|escolas municipais Taubaté - SP
efa2fb72ee2c8218,Escola Municipal Manoel de Almeida Barreto Creche Municipal,,-22.9965868,-45.5555769,,,,"5,0",2,Jardim de infância,,https://www.google.com/maps/place/Escola+Municipal+Manoel+de+Almeida+Barreto+Creche+Municipal/data=!4m7!3m6!1s0x94ccf9c9307105b3:0xb21293c1799e5866!8m2!3d-22.9965868!4d-45.5555769!16s%2Fg%2F1td5sd2b!19sChIJswVxMMn5zJQRZlieecGTErI?authuser=0&hl=pt-BR&rclk=1,scraper_gmaps|escolas municipais Taubaté - SP
be9c87713ade8537,Escola Municipal Maria Isabel Pistilli Mendonca Creche Municipal,,-23.0243788,-45.6223959,,,,"4,9",10,Pré-escola,,https://www.google.com/maps/place/Escola+Municipal+Maria+Isabel+Pistilli+Mendonca+Creche+Municipal/data=!4m7!3m6!1s0x94cc579565b504ed:0x7b8192a701de6bd7!8m2!3d-23.0243788!4d-45.6223959!16s%2Fg%2F1vysxn3c!19sChIJ7QS1ZZVXzJQR12veAaeSgXs?authuser=0&hl=pt-BR&rclk=1,scraper_gmaps|escolas municipais Taubaté - SP
bca1a12688277d08,Escola Municipal Maria Luiza da Silva Creche Municipal,,-23.023075,-45.5766988,,,,"5,0",5,Jardim de infância,,https://www.google.com/maps/place/Escola+Municipal+Maria+Luiza+da+Silva+Creche+Municipal/data=!4m7!3m6!1s0x94ccf8594e121307:0xa1d3609e81d22254!8m2!3d-23.023075!4d-45.5766988!16s%2Fg%2F1w15_kdh!19sChIJBxMSTln4zJQRVCLSgZ5g06E?authuser=0&hl=pt-BR&rclk=1,scraper_gmaps|escolas municipais Taubaté - SP
a9021fa6ad6535b9,Escola Municipal Marilia Pereira Valente Creche Municipal,,-23.0102136,-45.5267021,,,,,,Escola pública,,https://www.google.com/maps/place/Escola+Municipal+Marilia+Pereira+Valente+Creche+Municipal/data=!4m7!3m6!1s0x94ccf913f9a17b49:0x981539ff5cd7a3b4!8m2!3d-23.0102136!4d-45.5267021!16s%2Fg%2F1tfx5_x6!19sChIJSXuh-RP5zJQRtKPXXP85FZg?authuser=0&hl=pt-BR&rclk=1,scraper_gmaps|escolas municipais Taubaté - SP
7dfa0712ae149040,Escola Municipal Marta Miranda Del Rei,· Av. Dr. Mario Banhara,-23.0352599,-45.6114339,,,,,,Escola de ensino fundamental,,https://www.google.com/maps/place/Escola+Municipal+Marta+Miranda+Del+Rei/data=!4m7!3m6!1s0x94cc57cdea9827d9:0xca4560bdb22167a1!8m2!3d-23.0352599!4d-45.6114339!16s%2Fg%2F1ydk8jq7p!19sChIJ2SeY6s1XzJQRoWchsr1gRco?authuser=0&hl=pt-BR&rclk=1,scraper_gmaps|escolas municipais Taubaté - SP
a693c8fb510e246a,Escola Municipal Mãe Maria Creche Municipal,,-23.0199482,-45.5600662,,,,"4,2",13,Jardim de infância,,https://www.google.com/maps/place/Escola+Municipal+M%C3%A3e+Maria+Creche+Municipal/data=!4m7!3m6!1s0x94ccf9aa68099ab3:0xa0ae7f388b986a2e!8m2!3d-23.0199482!4d-45.5600662!16s%2Fg%2F1tdvfplg!19sChIJs5oJaKr5zJQRLmqYizh_rqA?authuser=0&hl=pt-BR&rclk=1,scraper_gmaps|escolas municipais Taubaté - SP
607e77098e04d1eb,Escola Municipal Ondina Ortiz Amadei Beringhs Creche Municipal,,-23.015668,-45.5698202,,,,"5,0",7,Jardim de infância,,https://www.google.com/maps/place/Escola+Municipal+Ondina+Ortiz+Amadei+Beringhs+Creche+Municipal/data=!4m7!3m6!1s0x94ccf851d491c9a9:0x76e4bb3370647135!8m2!3d-23.015668!4d-45.5698202!16s%2Fg%2F1tfjxdfd!19sChIJqcmR1FH4zJQRNXFkcDO75HY?authuser=0&hl=pt-BR&rclk=1,scraper_gmaps|escolas municipais Taubaté - SP
656987ed8db9074c,Escola Prof. Emílio Simonetti,"· Av. Dom Pedro I, 1505",-23.0291648,-45.5442997,,,,,,Escola de ensino fundamental,,https://www.google.com/maps/place/Escola+Prof.+Em%C3%ADlio+Simonetti/data=!4m7!3m6!1s0x94ccf96cc238de9b:0xb96fed95cc1acd2f!8m2!3d-23.0291648!4d-45.5442997!16s%2Fg%2F11rf7zk5jr!19sChIJm944wmz5zJQRL80azJXtb7k?authuser=0&hl=pt-BR&rclk=1,scraper_gmaps|escolas municipais Taubaté - SP
e030cc4d2c36173c,Fego Camargo,,-23.0286193,-45.5671967,,,,"4,9",152,Escola de artes,,https://www.google.com/maps/place/Fego+Camargo/data=!4m7!3m6!1s0x94ccf8fea9c963dd:0x2b9c6a1a202442f3!8m2!3d-23.0286193!4d-45.5671967!16s%2Fg%2F11b7rxhzsm!19sChIJ3WPJqf74zJQR80IkIBpqnCs?authuser=0&hl=pt-BR&rclk=1,scraper_gmaps|escolas municipais Taubaté - SP
d4032621d1140243,Flávia Acqua Fitness - Jd oasis 🏻‍ ️,,-23.0399625,-45.6144215,,,,"4,6",28,Escola de natação,,https://www.google.com/maps/place/Fl%C3%A1via+Acqua+Fitness+-+Jd+oasis+%F0%9F%8F%BB%E2%80%8D+%EF%B8%8F/data=!4m7!3m6!1s0x94cc574ec8a01cdb:0x6274b3384c5a8974!8m2!3d-23.0399625!4d-45.6144215!16s%2Fg%2F11rp346wv_!19sChIJ2xygyE5XzJQRdIlaTDizdGI?authuser=0&hl=pt-BR&rclk=1,scraper_gmaps|escolinhas de natação Taubaté - SP
53cfd6548ef0ae24,R R ESCOLA DE NATAÇAO E HIDROGINASTICA,,-23.0628665,-45.5539473,,,,"4,8",25,Escola de esportes,,https://www.google.com/maps/place/R+R+ESCOLA+DE+NATA%C3%87AO+E+HIDROGINASTICA/data=!4m7!3m6!1s0x94ccff2899c5abd1:0xa79e235457de6492!8m2!3d-23.0628665!4d-45.5539473!16s%2Fg%2F11lfh473wq!19sChIJ0avFmSj_zJQRkmTeV1Qjnqc?authuser=0&hl=pt-BR&rclk=1,scraper_gmaps|escolinhas de natação Taubaté - SP
bfcd461fc95654a7,Residencial Atlantic,"· Av. Helvino Moraes, 1149",-23.013039,-45.5444087,,,,"4,4",77,Complexo de condomínio,,https://www.google.com/maps/place/Residencial+Atlantic/data=!4m7!3m6!1s0x94ccf9a1d6d96dc1:0xd4d898d3ac47003d!8m2!3d-23.013039!4d-45.5444087!16s%2Fg%2F11b7gmxss4!19sChIJwW3Z1qH5zJQRPQBHrNOY2NQ?authuser=0&hl=pt-BR&rclk=1,scraper_gmaps|condomínios residenciais Taubaté - SP
5910599552873825,Residencial Solare,,-23.0495619,-45.5745848,,,,"4,6",78,,,https://www.google.com/maps/place/Residencial+Solare/data=!4m7!3m6!1s0x94ccf8c396f6ddc3:0xca9391fecff963e7!8m2!3d-23.0495619!4d-45.5745848!16s%2Fg%2F11c565bsq9!19sChIJw932lsP4zJQR52P5z_6Rk8o?authuser=0&hl=pt-BR&rclk=1,scraper_gmaps|condomínios residenciais Taubaté - SP
584cdbb79857f9ab,Residencial São José,,-22.9961779,-45.5761777,,,,"4,6",177,Complexo de condomínio,,https://www.google.com/maps/place/Residencial+S%C3%A3o+Jos%C3%A9/data=!4m7!3m6!1s0x94ccf82489d0baf7:0x6f5907d706555218!8m2!3d-22.9961779!4d-45.5761777!16s%2Fg%2F11ckr51vyd!19sChIJ97rQiST4zJQRGFJVBtcHWW8?authuser=0&hl=pt-BR&rclk=1,scraper_gmaps|condomínios residenciais Taubaté - SP
0445e4c787203c7a,Residencial Taubaté Village,,-23.0269002,-45.5806451,,,,"4,5",243,Complexo de condomínio,,https://www.google.com/maps/place/Residencial+Taubat%C3%A9+Village/data=!4m7!3m6!1s0x94ccf85fb99ffe71:0x24ba091366ab2319!8m2!3d-23.0269002!4d-45.5806451!16s%2Fg%2F11bzq3ps64!19sChIJcf6fuV_4zJQRGSOrZhMJuiQ?authuser=0&hl=pt-BR&rclk=1,scraper_gmaps|condomínios residenciais Taubaté - SP
1cdd7079d788758b,Robelia Acqua & Fitness,,-23.010338,-45.5408502,,,,"4,8",53,Instrutor de natação,,https://www.google.com/maps/place/Robelia+Acqua+%26+Fitness/data=!4m7!3m6!1s0x94ccf99ec5186e99:0xaac3be50fe90190a!8m2!3d-23.010338!4d-45.5408502!16s%2Fg%2F11ckr4pz45!19sChIJmW4YxZ75zJQRChmQ_lC-w6o?authuser=0&hl=pt-BR&rclk=1,scraper_gmaps|escolinhas de natação Taubaté - SP
b1da7c331c8a6a4f,Ultra Academia Taubaté,"· Av. Charles Schnneider, 1700",-23.0248922,-45.5821617,,,,"4,5",335,Academia,,https://www.google.com/maps/place/Ultra+Academia+Taubat%C3%A9/data=!4m7!3m6!1s0x94ccf860b5d4670d:0x1697714c4ab77742!8m2!3d-23.0248922!4d-45.5821617!16s%2Fg%2F1tcygl2d!19sChIJDWfUtWD4zJQRQne3SkxxlxY?authuser=0&hl=pt-BR&rclk=1,scraper_gmaps|escolinhas de natação Taubaté - SP
f71a35a226f9b460,Vitor Natação,,-23.0394119,-45.5700427,,,,"4,5",11,Instrutor de natação,,https://www.google.com/maps/place/Vitor+Nata%C3%A7%C3%A3o/data=!4m7!3m6!1s0x94ccf8e67dabb621:0x49c156ccc4bae36!8m2!3d-23.0394119!4d-45.5700427!16s%2Fg%2F11h06yvyr!19sChIJIbarfeb4zJQRNq5LzGwVnAQ?authuser=0&hl=pt-BR&rclk=1,scraper_gmaps|escolinhas de natação Taubaté - SP
